{
	"install": "messages/install.txt",
	"0.1.5": "messages/0.1.5.txt",
	"0.1.6": "messages/0.1.6.txt",
	"0.1.7": "messages/0.1.7.txt",
	"0.1.8": "messages/0.1.8.txt",
	"0.1.9": "messages/0.1.9.txt",
	"0.1.10": "messages/0.1.10.txt",
	"0.1.11": "messages/0.1.11.txt",
	"0.1.12": "messages/0.1.12.txt",
	"0.1.13": "messages/0.1.13.txt",
	"0.1.14": "messages/0.1.14.txt",
	"0.1.15": "messages/0.1.15.txt",
	"0.1.16": "messages/0.1.16.txt",
	"0.1.17": "messages/0.1.17.txt",
	"0.1.18": "messages/0.1.18.txt",
	"0.1.19": "messages/0.1.19.txt",
	"0.1.20": "messages/0.1.20.txt",
	"0.1.21": "messages/0.1.21.txt",
	"0.1.22": "messages/0.1.22.txt",
	"0.1.23": "messages/0.1.23.txt",
	"0.1.24": "messages/0.1.24.txt",
	"0.1.25": "messages/0.1.25.txt",
	"0.1.26": "messages/0.1.26.txt",
	"0.1.27": "messages/0.1.27.txt",
	"0.1.28": "messages/0.1.28.txt",
	"0.1.29": "messages/0.1.29.txt",
	"0.1.30": "messages/0.1.30.txt",
	"0.1.31": "messages/0.1.31.txt",
	"0.1.32": "messages/0.1.32.txt",
	"0.1.33": "messages/0.1.33.txt",
	"0.1.34-pre.0": "messages/0.1.34-pre.0.txt",
	"0.1.34": "messages/0.1.34.txt",
	"0.1.35": "messages/0.1.35.txt",
	"0.1.36": "messages/0.1.36.txt",
	"0.1.37": "messages/0.1.37.txt",
	"0.1.38": "messages/0.1.38.txt",
	"0.1.39": "messages/0.1.39.txt",
	"0.1.40": "messages/0.1.40.txt",
	"0.1.41": "messages/0.1.41.txt",
	"0.1.42": "messages/0.1.42.txt",
	"0.1.43": "messages/0.1.43.txt",
	"0.1.44": "messages/0.1.44.txt",
	"0.1.45": "messages/0.1.45.txt",
	"0.1.46": "messages/0.1.46.txt",
	"0.1.47": "messages/0.1.47.txt",
	"0.1.48": "messages/0.1.48.txt",
	"0.1.49": "messages/0.1.49.txt",
	"0.1.50": "messages/0.1.50.txt",
	"0.1.51": "messages/0.1.51.txt",
	"0.1.52": "messages/0.1.52.txt",
	"0.1.53": "messages/0.1.53.txt",
	"0.1.54": "messages/0.1.54.txt",
	"0.1.55": "messages/0.1.55.txt",
	"0.1.56": "messages/0.1.56.txt",
	"0.1.57": "messages/0.1.57.txt",
	"0.1.58": "messages/0.1.58.txt",
	"0.8.0": "messages/0.8.0.txt",
	"0.8.1": "messages/0.8.1.txt",
	"0.8.2": "messages/0.8.2.txt",
	"0.8.3": "messages/0.8.3.txt",
	"0.8.4": "messages/0.8.4.txt",
	"0.8.5": "messages/0.8.5.txt",
	"0.8.6": "messages/0.8.6.txt",
	"0.8.7": "messages/0.8.7.txt",
	"0.8.8": "messages/0.8.8.txt",
	"0.8.9": "messages/0.8.9.txt",
	"0.8.10": "messages/0.8.10.txt",
	"0.8.11": "messages/0.8.11.txt",
	"0.8.12-pre.0": "messages/0.8.12-pre.0.txt",
	"0.8.12": "messages/0.8.12.txt",
	"0.8.13": "messages/0.8.13.txt",
	"0.8.14": "messages/0.8.14.txt",
	"0.8.15": "messages/0.8.15.txt",
	"0.8.16": "messages/0.8.16.txt",
	"0.8.17": "messages/0.8.17.txt",
	"0.8.18": "messages/0.8.18.txt",
	"0.8.19": "messages/0.8.19.txt",
	"0.8.20": "messages/0.8.20.txt",
	"0.8.21": "messages/0.8.21.txt",
	"0.8.22": "messages/0.8.22.txt",
	"0.8.23": "messages/0.8.23.txt",
	"0.8.24": "messages/0.8.24.txt",
	"0.8.25": "messages/0.8.25.txt",
	"0.8.26": "messages/0.8.26.txt",
	"0.8.27": "messages/0.8.27.txt",
	"0.8.28": "messages/0.8.28.txt",
	"0.8.29": "messages/0.8.29.txt",
	"0.8.30": "messages/0.8.30.txt",
	"0.8.31": "messages/0.8.31.txt",
	"0.8.32": "messages/0.8.32.txt",
	"0.8.33": "messages/0.8.33.txt",
	"0.8.34": "messages/0.8.34.txt",
	"0.8.35": "messages/0.8.35.txt",
	"0.8.36": "messages/0.8.36.txt",
	"0.8.37": "messages/0.8.37.txt",
	"0.8.38": "messages/0.8.38.txt",
	"0.8.39": "messages/0.8.39.txt",
	"0.8.40": "messages/0.8.40.txt",
	"0.8.41": "messages/0.8.41.txt",
	"0.8.42": "messages/0.8.42.txt",
	"0.8.43": "messages/0.8.43.txt",
	"0.8.44": "messages/0.8.44.txt",
	"0.8.45": "messages/0.8.45.txt",
	"0.8.46": "messages/0.8.46.txt",
	"0.8.47": "messages/0.8.47.txt",
	"0.8.48": "messages/0.8.48.txt",
	"0.8.49": "messages/0.8.49.txt",
	"0.8.50": "messages/0.8.50.txt",
	"0.8.51": "messages/0.8.51.txt",
	"0.8.52": "messages/0.8.52.txt",
	"0.8.53": "messages/0.8.53.txt",
	"0.8.54": "messages/0.8.54.txt",
	"0.8.55": "messages/0.8.55.txt",
	"0.8.56": "messages/0.8.56.txt",
	"0.8.57": "messages/0.8.57.txt",
	"0.8.58": "messages/0.8.58.txt",
	"0.8.59": "messages/0.8.59.txt",
	"0.8.60": "messages/0.8.60.txt",
	"0.8.61": "messages/0.8.61.txt",
	"0.8.62": "messages/0.8.62.txt",
	"0.8.63": "messages/0.8.63.txt",
	"0.8.64": "messages/0.8.64.txt",
	"0.8.65": "messages/0.8.65.txt",
	"0.8.66": "messages/0.8.66.txt",
	"0.8.67": "messages/0.8.67.txt",
	"0.8.68": "messages/0.8.68.txt",
	"0.8.69": "messages/0.8.69.txt",
	"0.8.70": "messages/0.8.70.txt",
	"0.8.71": "messages/0.8.71.txt",
	"0.8.72": "messages/0.8.72.txt",
	"0.8.73": "messages/0.8.73.txt",
	"0.8.74-dev.1": "messages/0.8.74-dev.1.txt",
	"0.8.74-dev.2": "messages/0.8.74-dev.2.txt",
	"0.8.74-dev.3": "messages/0.8.74-dev.3.txt",
	"0.8.74-dev.4": "messages/0.8.74-dev.4.txt",
	"0.8.74-dev.5": "messages/0.8.74-dev.5.txt",
	"0.8.74-dev.6": "messages/0.8.74-dev.6.txt",
	"0.8.74-dev.7": "messages/0.8.74-dev.7.txt",
	"0.8.80": "messages/0.8.80.txt",
	"0.8.81": "messages/0.8.81.txt",
	"0.8.82": "messages/0.8.82.txt",
	"0.8.83": "messages/0.8.83.txt",
	"0.8.84": "messages/0.8.84.txt",
	"0.8.85-dev.1": "messages/0.8.85-dev.1.txt",
	"0.8.85-dev.2": "messages/0.8.85-dev.2.txt",
	"0.8.85-dev.3": "messages/0.8.85-dev.3.txt",
	"0.8.85-dev.4": "messages/0.8.85-dev.4.txt",
	"0.8.85-dev.5": "messages/0.8.85-dev.5.txt",
	"0.8.85-dev.6": "messages/0.8.85-dev.6.txt",
	"0.8.85-dev.7": "messages/0.8.85-dev.7.txt",
	"0.8.85-dev.8": "messages/0.8.85-dev.8.txt",
	"0.8.85": "messages/0.8.85.txt",
	"0.8.86-dev.1": "messages/0.8.86-dev.1.txt",
	"0.8.86-dev.2": "messages/0.8.86-dev.2.txt",
	"0.8.86-dev.3": "messages/0.8.86-dev.3.txt",
	"0.8.86-dev.4": "messages/0.8.86-dev.4.txt",
	"0.8.86-dev.5": "messages/0.8.86-dev.5.txt",
	"0.8.86-dev.6": "messages/0.8.86-dev.6.txt",
	"0.8.86-dev.7": "messages/0.8.86-dev.7.txt",
	"0.8.86-dev.8": "messages/0.8.86-dev.8.txt",
	"0.8.86-dev.9": "messages/0.8.86-dev.9.txt",
	"0.8.86-dev.10": "messages/0.8.86-dev.10.txt",
	"0.8.86-dev.11": "messages/0.8.86-dev.11.txt",
	"0.8.86-dev.12": "messages/0.8.86-dev.12.txt",
	"$version$": "messages/$version$.txt"
}